UTC,Open,High,Low,Close,Volume
31.03.2026 12:00:00.000 UTC,1.14911,1.14946,1.14911,1.14944,303.3
31.03.2026 12:01:00.000 UTC,1.14946,1.14952,1.14918,1.14929,287.99
31.03.2026 12:02:00.000 UTC,1.14929,1.14961,1.14929,1.14959,172.35
31.03.2026 12:03:00.000 UTC,1.14958,1.14971,1.14948,1.14965,171
31.03.2026 12:04:00.000 UTC,1.14966,1.14976,1.14959,1.14965,182.7
31.03.2026 12:05:00.000 UTC,1.14966,1.14971,1.14951,1.14953,153.45
31.03.2026 12:06:00.000 UTC,1.14953,1.14983,1.14951,1.1498,107.5
31.03.2026 12:07:00.000 UTC,1.14978,1.14982,1.14971,1.1498,146.7
31.03.2026 12:08:00.000 UTC,1.1498,1.14987,1.14975,1.14983,103.05
31.03.2026 12:09:00.000 UTC,1.14984,1.15015,1.14976,1.14981,304.81
31.03.2026 12:10:00.000 UTC,1.14982,1.14983,1.14918,1.14929,438.4
31.03.2026 12:11:00.000 UTC,1.14931,1.14932,1.14897,1.149,357.76
31.03.2026 12:12:00.000 UTC,1.149,1.14908,1.14869,1.14907,388.7
31.03.2026 12:13:00.000 UTC,1.14908,1.14929,1.14896,1.149,297.38
31.03.2026 12:14:00.000 UTC,1.14901,1.14934,1.149,1.14919,328.05
31.03.2026 12:15:00.000 UTC,1.14919,1.14935,1.14902,1.14905,282.53
31.03.2026 12:16:00.000 UTC,1.14905,1.14914,1.14895,1.14904,246.07
31.03.2026 12:17:00.000 UTC,1.14903,1.14932,1.14899,1.14925,211.4
31.03.2026 12:18:00.000 UTC,1.14923,1.14986,1.14923,1.14981,363.95
31.03.2026 12:19:00.000 UTC,1.1498,1.15005,1.14969,1.15002,290.7
31.03.2026 12:20:00.000 UTC,1.15001,1.15001,1.14969,1.14984,328.22
31.03.2026 12:21:00.000 UTC,1.14986,1.15001,1.14971,1.14976,254.42
31.03.2026 12:22:00.000 UTC,1.14976,1.14984,1.14963,1.14973,183.82
31.03.2026 12:23:00.000 UTC,1.14973,1.14974,1.14948,1.14952,218.6
31.03.2026 12:24:00.000 UTC,1.14951,1.14964,1.14948,1.14953,117.45
31.03.2026 12:25:00.000 UTC,1.14956,1.14984,1.14956,1.14979,200.25
31.03.2026 12:26:00.000 UTC,1.14977,1.14985,1.14971,1.14985,69.3
31.03.2026 12:27:00.000 UTC,1.14982,1.14999,1.14977,1.14981,133.6
31.03.2026 12:28:00.000 UTC,1.14984,1.15042,1.14983,1.15011,319.54
31.03.2026 12:29:00.000 UTC,1.15012,1.15039,1.15003,1.15039,207.9
31.03.2026 12:30:00.000 UTC,1.1504,1.15047,1.15019,1.15033,281.21
31.03.2026 12:31:00.000 UTC,1.15034,1.15072,1.15034,1.15069,155.7
31.03.2026 12:32:00.000 UTC,1.15067,1.15074,1.15047,1.15072,241.65
31.03.2026 12:33:00.000 UTC,1.1507,1.1507,1.15025,1.15032,250.1
31.03.2026 12:34:00.000 UTC,1.15033,1.15064,1.15028,1.15064,172.35
31.03.2026 12:35:00.000 UTC,1.15065,1.15087,1.15063,1.15081,209.7
31.03.2026 12:36:00.000 UTC,1.15081,1.15097,1.15053,1.15083,205.6
31.03.2026 12:37:00.000 UTC,1.15084,1.15092,1.15069,1.15073,171.45
31.03.2026 12:38:00.000 UTC,1.1507,1.15081,1.15061,1.15063,187.54
31.03.2026 12:39:00.000 UTC,1.15061,1.15085,1.15055,1.15059,165.6
31.03.2026 12:40:00.000 UTC,1.1506,1.15065,1.15052,1.15064,155.7
31.03.2026 12:41:00.000 UTC,1.15064,1.1507,1.15038,1.15047,130.45
31.03.2026 12:42:00.000 UTC,1.15045,1.15046,1.15025,1.15045,117
31.03.2026 12:43:00.000 UTC,1.15045,1.1505,1.1504,1.15048,144
31.03.2026 12:44:00.000 UTC,1.1505,1.15077,1.15044,1.15077,88.37
31.03.2026 12:45:00.000 UTC,1.15077,1.15086,1.15073,1.15085,103.59
31.03.2026 12:46:00.000 UTC,1.15085,1.15095,1.15073,1.15085,93.1
31.03.2026 12:47:00.000 UTC,1.15085,1.15085,1.15062,1.15067,141.3
31.03.2026 12:48:00.000 UTC,1.15067,1.15075,1.15055,1.1506,126.9
31.03.2026 12:49:00.000 UTC,1.15057,1.15057,1.15037,1.15049,138.87
31.03.2026 12:50:00.000 UTC,1.1505,1.15055,1.15027,1.15054,148.23
31.03.2026 12:51:00.000 UTC,1.15055,1.15074,1.15051,1.15073,133.2
31.03.2026 12:52:00.000 UTC,1.15071,1.15071,1.15058,1.1507,150.3
31.03.2026 12:53:00.000 UTC,1.15071,1.15084,1.15056,1.15071,185.85
31.03.2026 12:54:00.000 UTC,1.1507,1.15075,1.15058,1.15068,118.75
31.03.2026 12:55:00.000 UTC,1.15069,1.15074,1.15045,1.15047,109.8
31.03.2026 12:56:00.000 UTC,1.15045,1.15052,1.15038,1.15042,100.26
31.03.2026 12:57:00.000 UTC,1.1504,1.15043,1.1502,1.15025,105.3
31.03.2026 12:58:00.000 UTC,1.15023,1.15041,1.15023,1.15041,147.15
31.03.2026 12:59:00.000 UTC,1.15043,1.15045,1.15027,1.15028,133.2
31.03.2026 13:00:00.000 UTC,1.15028,1.15038,1.15022,1.15022,177.75
31.03.2026 13:01:00.000 UTC,1.15021,1.15036,1.15021,1.15028,160.55
31.03.2026 13:02:00.000 UTC,1.15028,1.15034,1.15021,1.15028,162.4
31.03.2026 13:03:00.000 UTC,1.15028,1.1504,1.15027,1.15029,121.95
31.03.2026 13:04:00.000 UTC,1.15026,1.15028,1.15015,1.15016,181.26
31.03.2026 13:05:00.000 UTC,1.15018,1.15033,1.15004,1.15033,233.72
31.03.2026 13:06:00.000 UTC,1.15033,1.15061,1.15033,1.15059,98.1
31.03.2026 13:07:00.000 UTC,1.15061,1.15076,1.15049,1.15075,114.66
31.03.2026 13:08:00.000 UTC,1.15076,1.15123,1.15076,1.15121,165.96
31.03.2026 13:09:00.000 UTC,1.1512,1.15125,1.1511,1.15125,159.48
31.03.2026 13:10:00.000 UTC,1.15124,1.15136,1.15119,1.15136,130.5
31.03.2026 13:11:00.000 UTC,1.15135,1.15135,1.15101,1.15103,135.45
31.03.2026 13:12:00.000 UTC,1.15102,1.15104,1.15086,1.15101,113.7
31.03.2026 13:13:00.000 UTC,1.15103,1.15115,1.15076,1.15078,166.86
31.03.2026 13:14:00.000 UTC,1.15079,1.15102,1.15076,1.15093,139.95
31.03.2026 13:15:00.000 UTC,1.15096,1.15119,1.15092,1.15116,109.12
31.03.2026 13:16:00.000 UTC,1.15114,1.15135,1.15114,1.15134,111.96
31.03.2026 13:17:00.000 UTC,1.15132,1.15145,1.15125,1.15141,147.15
31.03.2026 13:18:00.000 UTC,1.15141,1.15165,1.15139,1.1516,172.8
31.03.2026 13:19:00.000 UTC,1.15159,1.15166,1.15149,1.15166,99.12
31.03.2026 13:20:00.000 UTC,1.15164,1.15192,1.15161,1.15168,198.66
31.03.2026 13:21:00.000 UTC,1.15168,1.15186,1.15161,1.15185,128.88
31.03.2026 13:22:00.000 UTC,1.15184,1.15184,1.15139,1.15154,152.37
31.03.2026 13:23:00.000 UTC,1.15157,1.15161,1.1514,1.15147,93.69
31.03.2026 13:24:00.000 UTC,1.15148,1.15149,1.15131,1.15132,62.91
31.03.2026 13:25:00.000 UTC,1.15131,1.15138,1.15111,1.15118,186.06
31.03.2026 13:26:00.000 UTC,1.15117,1.15135,1.15115,1.15135,199.42
31.03.2026 13:27:00.000 UTC,1.15135,1.15161,1.15135,1.15146,182.05
31.03.2026 13:28:00.000 UTC,1.15146,1.15158,1.15146,1.15153,94.62
31.03.2026 13:29:00.000 UTC,1.15152,1.15157,1.1514,1.15141,122.85
31.03.2026 13:30:00.000 UTC,1.15139,1.15183,1.15139,1.15183,327.2
31.03.2026 13:31:00.000 UTC,1.15182,1.15182,1.1513,1.15141,276.75
31.03.2026 13:32:00.000 UTC,1.15142,1.15154,1.15101,1.15101,399.18
31.03.2026 13:33:00.000 UTC,1.15099,1.15129,1.15099,1.15128,317.7
31.03.2026 13:34:00.000 UTC,1.15127,1.15154,1.15123,1.15148,166.5
31.03.2026 13:35:00.000 UTC,1.15146,1.15152,1.15135,1.15138,198.9
31.03.2026 13:36:00.000 UTC,1.15138,1.15145,1.15128,1.15144,246.15
31.03.2026 13:37:00.000 UTC,1.15143,1.15161,1.1513,1.15143,197.82
31.03.2026 13:38:00.000 UTC,1.15145,1.15152,1.15131,1.15137,155.01
31.03.2026 13:39:00.000 UTC,1.15137,1.15154,1.15136,1.15149,132.12
31.03.2026 13:40:00.000 UTC,1.15151,1.15164,1.1515,1.15162,83.7
31.03.2026 13:41:00.000 UTC,1.15164,1.15164,1.15142,1.15142,74.02
31.03.2026 13:42:00.000 UTC,1.15143,1.1517,1.15141,1.15165,143.67
31.03.2026 13:43:00.000 UTC,1.1516,1.15162,1.15151,1.15155,93.6
31.03.2026 13:44:00.000 UTC,1.15156,1.15164,1.15147,1.15164,135.54
31.03.2026 13:45:00.000 UTC,1.15164,1.15183,1.15157,1.15181,253.35
31.03.2026 13:46:00.000 UTC,1.15182,1.15205,1.15177,1.15181,279.12
31.03.2026 13:47:00.000 UTC,1.15182,1.15184,1.15154,1.15154,188.1
31.03.2026 13:48:00.000 UTC,1.15152,1.1516,1.15144,1.15153,186.3
31.03.2026 13:49:00.000 UTC,1.15152,1.15184,1.1515,1.15182,182.7
31.03.2026 13:50:00.000 UTC,1.15181,1.15191,1.15174,1.15185,178.65
31.03.2026 13:51:00.000 UTC,1.15182,1.15225,1.1518,1.15225,201.22
31.03.2026 13:52:00.000 UTC,1.15222,1.15261,1.15218,1.1526,225.85
31.03.2026 13:53:00.000 UTC,1.15257,1.15271,1.15249,1.15265,256.95
31.03.2026 13:54:00.000 UTC,1.15267,1.15325,1.15265,1.15304,362.14
31.03.2026 13:55:00.000 UTC,1.15303,1.15324,1.15298,1.15315,232.87
31.03.2026 13:56:00.000 UTC,1.15315,1.15316,1.15285,1.15299,249.75
31.03.2026 13:57:00.000 UTC,1.15299,1.15307,1.15294,1.15304,236.67
31.03.2026 13:58:00.000 UTC,1.15303,1.15308,1.15281,1.15306,143.1
31.03.2026 13:59:00.000 UTC,1.15305,1.15322,1.15304,1.15322,262.8
31.03.2026 14:00:00.000 UTC,1.1532,1.15332,1.15307,1.15324,422.89
31.03.2026 14:01:00.000 UTC,1.15323,1.15324,1.15301,1.15323,231.57
31.03.2026 14:02:00.000 UTC,1.15324,1.15332,1.1531,1.15329,280.44
31.03.2026 14:03:00.000 UTC,1.15328,1.15331,1.15286,1.15294,364.14
31.03.2026 14:04:00.000 UTC,1.15291,1.15297,1.1526,1.15265,372.79
31.03.2026 14:05:00.000 UTC,1.15266,1.15269,1.1523,1.15232,388.47
31.03.2026 14:06:00.000 UTC,1.15233,1.15244,1.15224,1.15239,415.46
31.03.2026 14:07:00.000 UTC,1.1524,1.1524,1.15219,1.15236,202.9
31.03.2026 14:08:00.000 UTC,1.15237,1.15245,1.15212,1.15224,253.69
31.03.2026 14:09:00.000 UTC,1.15223,1.15237,1.15211,1.15224,320.66
31.03.2026 14:10:00.000 UTC,1.15223,1.15226,1.15202,1.15221,345.38
31.03.2026 14:11:00.000 UTC,1.15223,1.15256,1.15217,1.15247,308.7
31.03.2026 14:12:00.000 UTC,1.15248,1.15256,1.15236,1.15244,189
31.03.2026 14:13:00.000 UTC,1.15244,1.15268,1.15239,1.15253,258.7
31.03.2026 14:14:00.000 UTC,1.15253,1.15264,1.15238,1.15253,271.75
31.03.2026 14:15:00.000 UTC,1.15251,1.15279,1.15251,1.15263,294.65
31.03.2026 14:16:00.000 UTC,1.15261,1.15274,1.15241,1.15257,272.46
31.03.2026 14:17:00.000 UTC,1.15259,1.15275,1.15251,1.1526,278.95
31.03.2026 14:18:00.000 UTC,1.1526,1.15284,1.15251,1.15278,310.98
31.03.2026 14:19:00.000 UTC,1.15277,1.15288,1.15272,1.15287,151.08
31.03.2026 14:20:00.000 UTC,1.15288,1.15291,1.15267,1.15271,270.9
31.03.2026 14:21:00.000 UTC,1.15273,1.15275,1.15234,1.15255,299.6
31.03.2026 14:22:00.000 UTC,1.15255,1.15275,1.15249,1.15264,164.65
31.03.2026 14:23:00.000 UTC,1.15264,1.15288,1.15259,1.15285,213.3
31.03.2026 14:24:00.000 UTC,1.15283,1.15285,1.15273,1.15278,125.05
31.03.2026 14:25:00.000 UTC,1.15278,1.15281,1.15252,1.15256,218.74
31.03.2026 14:26:00.000 UTC,1.15258,1.15272,1.1525,1.15269,108.9
31.03.2026 14:27:00.000 UTC,1.1527,1.15315,1.15265,1.15314,229.95
31.03.2026 14:28:00.000 UTC,1.15314,1.15343,1.15309,1.15334,182.7
31.03.2026 14:29:00.000 UTC,1.15333,1.15345,1.15325,1.15345,163.35
31.03.2026 14:30:00.000 UTC,1.15345,1.15373,1.15337,1.15361,223.63
31.03.2026 14:31:00.000 UTC,1.1536,1.15377,1.15356,1.15376,255.15
31.03.2026 14:32:00.000 UTC,1.15377,1.15405,1.1536,1.15369,429.21
31.03.2026 14:33:00.000 UTC,1.15368,1.15396,1.15365,1.15386,166.5
31.03.2026 14:34:00.000 UTC,1.15385,1.15402,1.15372,1.15372,178.45
31.03.2026 14:35:00.000 UTC,1.15374,1.15384,1.15326,1.15332,273.05
31.03.2026 14:36:00.000 UTC,1.15334,1.15334,1.1527,1.15271,356.85
31.03.2026 14:37:00.000 UTC,1.15271,1.15273,1.15244,1.15244,367.72
31.03.2026 14:38:00.000 UTC,1.15245,1.15261,1.15244,1.15252,339.39
31.03.2026 14:39:00.000 UTC,1.15254,1.15257,1.15228,1.15237,268.61
31.03.2026 14:40:00.000 UTC,1.15235,1.15266,1.15227,1.15249,266.4
31.03.2026 14:41:00.000 UTC,1.15249,1.15249,1.1521,1.15215,387.62
31.03.2026 14:42:00.000 UTC,1.15216,1.1522,1.152,1.1521,255.88
31.03.2026 14:43:00.000 UTC,1.15209,1.15209,1.15189,1.15197,257.79
31.03.2026 14:44:00.000 UTC,1.15197,1.152,1.15181,1.1519,373.96
31.03.2026 14:45:00.000 UTC,1.15192,1.152,1.15169,1.152,344.29
31.03.2026 14:46:00.000 UTC,1.15199,1.15256,1.15196,1.15236,439.2
31.03.2026 14:47:00.000 UTC,1.15237,1.15237,1.15205,1.15217,260.5
31.03.2026 14:48:00.000 UTC,1.15216,1.15241,1.15208,1.1521,239.35
31.03.2026 14:49:00.000 UTC,1.15212,1.15224,1.15205,1.15214,238.5
31.03.2026 14:50:00.000 UTC,1.15214,1.15271,1.15206,1.15266,882.45
31.03.2026 14:51:00.000 UTC,1.15266,1.15294,1.15261,1.15279,1095.16
31.03.2026 14:52:00.000 UTC,1.15278,1.15283,1.15197,1.1522,584.5
31.03.2026 14:53:00.000 UTC,1.15219,1.15251,1.15201,1.15234,647.76
31.03.2026 14:54:00.000 UTC,1.15233,1.1524,1.15189,1.152,742.02
31.03.2026 14:55:00.000 UTC,1.15197,1.15198,1.15166,1.15168,547.64
31.03.2026 14:56:00.000 UTC,1.15168,1.15168,1.15115,1.15142,689.79
31.03.2026 14:57:00.000 UTC,1.15141,1.15173,1.15109,1.15161,744.41
31.03.2026 14:58:00.000 UTC,1.15159,1.15226,1.15152,1.15222,850.61
31.03.2026 14:59:00.000 UTC,1.15221,1.15228,1.15197,1.15199,762.98
31.03.2026 15:00:00.000 UTC,1.15202,1.15247,1.15202,1.15246,699.43
31.03.2026 15:01:00.000 UTC,1.15245,1.15247,1.15211,1.15214,643.65
31.03.2026 15:02:00.000 UTC,1.15216,1.15216,1.15185,1.15202,545.52
31.03.2026 15:03:00.000 UTC,1.15201,1.15204,1.15165,1.15183,419.17
31.03.2026 15:04:00.000 UTC,1.15182,1.15206,1.15166,1.15206,327.45
31.03.2026 15:05:00.000 UTC,1.15205,1.15214,1.15181,1.15195,308.95
31.03.2026 15:06:00.000 UTC,1.15193,1.15247,1.15193,1.15214,333.79
31.03.2026 15:07:00.000 UTC,1.15214,1.15247,1.15208,1.15246,383.2
31.03.2026 15:08:00.000 UTC,1.15247,1.15249,1.15228,1.15236,305.5
31.03.2026 15:09:00.000 UTC,1.15235,1.15265,1.15227,1.15256,309.15
31.03.2026 15:10:00.000 UTC,1.15255,1.15283,1.15247,1.15283,325.35
31.03.2026 15:11:00.000 UTC,1.1528,1.15292,1.15276,1.15287,331.65
31.03.2026 15:12:00.000 UTC,1.15287,1.15298,1.15283,1.15289,175.45
31.03.2026 15:13:00.000 UTC,1.15291,1.15297,1.15275,1.15296,247.5
31.03.2026 15:14:00.000 UTC,1.15295,1.1532,1.1529,1.15306,289.17
31.03.2026 15:15:00.000 UTC,1.15305,1.15312,1.15298,1.15311,242.55
31.03.2026 15:16:00.000 UTC,1.1531,1.15316,1.153,1.15312,242.55
31.03.2026 15:17:00.000 UTC,1.15312,1.15318,1.15292,1.15308,213.3
31.03.2026 15:18:00.000 UTC,1.15311,1.15326,1.15305,1.15325,208.8
31.03.2026 15:19:00.000 UTC,1.15325,1.15328,1.15316,1.15325,194.22
31.03.2026 15:20:00.000 UTC,1.15324,1.15324,1.15272,1.15274,251.37
31.03.2026 15:21:00.000 UTC,1.15273,1.15273,1.15241,1.15245,211.45
31.03.2026 15:22:00.000 UTC,1.15245,1.15277,1.15237,1.15276,203.58
31.03.2026 15:23:00.000 UTC,1.15275,1.15291,1.15261,1.15271,253.25
31.03.2026 15:24:00.000 UTC,1.15272,1.15303,1.15269,1.15302,178.92
31.03.2026 15:25:00.000 UTC,1.15301,1.15317,1.15296,1.15315,165.6
31.03.2026 15:26:00.000 UTC,1.15314,1.15316,1.15267,1.15271,268.6
31.03.2026 15:27:00.000 UTC,1.1527,1.15275,1.15251,1.15251,258.25
31.03.2026 15:28:00.000 UTC,1.1525,1.15258,1.15236,1.15257,279.04
31.03.2026 15:29:00.000 UTC,1.15257,1.1526,1.15242,1.15246,216.4
31.03.2026 15:30:00.000 UTC,1.15248,1.15253,1.15211,1.15211,310.5
31.03.2026 15:31:00.000 UTC,1.15214,1.15222,1.15211,1.15217,258.84
31.03.2026 15:32:00.000 UTC,1.15216,1.15217,1.15179,1.1518,247.4
31.03.2026 15:33:00.000 UTC,1.1518,1.15186,1.1516,1.1517,231.43
31.03.2026 15:34:00.000 UTC,1.15171,1.15188,1.15168,1.15183,248.8
31.03.2026 15:35:00.000 UTC,1.15182,1.15203,1.15172,1.15181,230.88
31.03.2026 15:36:00.000 UTC,1.15182,1.1522,1.1518,1.15207,337.79
31.03.2026 15:37:00.000 UTC,1.15208,1.15208,1.1519,1.15206,180.45
31.03.2026 15:38:00.000 UTC,1.15206,1.15221,1.152,1.15202,194.85
31.03.2026 15:39:00.000 UTC,1.15201,1.15217,1.15196,1.15214,196.2
31.03.2026 15:40:00.000 UTC,1.15214,1.15214,1.15185,1.15185,172.35
31.03.2026 15:41:00.000 UTC,1.15185,1.15187,1.15171,1.15185,138.6
31.03.2026 15:42:00.000 UTC,1.15186,1.15188,1.15163,1.15177,150.25
31.03.2026 15:43:00.000 UTC,1.15177,1.15196,1.15161,1.15165,253.02
31.03.2026 15:44:00.000 UTC,1.15166,1.15167,1.15153,1.15156,242.5
31.03.2026 15:45:00.000 UTC,1.15158,1.15168,1.15151,1.15151,172.66
31.03.2026 15:46:00.000 UTC,1.15149,1.15201,1.15139,1.15182,363.04
31.03.2026 15:47:00.000 UTC,1.15184,1.15194,1.15175,1.15182,168.3
31.03.2026 15:48:00.000 UTC,1.15179,1.152,1.15174,1.15198,242.1
31.03.2026 15:49:00.000 UTC,1.15195,1.15225,1.15191,1.15221,265.5
31.03.2026 15:50:00.000 UTC,1.15222,1.15244,1.15209,1.15228,260.1
31.03.2026 15:51:00.000 UTC,1.15226,1.1523,1.15197,1.15206,221.85
31.03.2026 15:52:00.000 UTC,1.15208,1.15231,1.15195,1.15231,182.2
31.03.2026 15:53:00.000 UTC,1.1523,1.1523,1.15198,1.15203,189.9
31.03.2026 15:54:00.000 UTC,1.15202,1.15204,1.15174,1.15178,232.87
31.03.2026 15:55:00.000 UTC,1.15177,1.15181,1.15144,1.15145,230.62
31.03.2026 15:56:00.000 UTC,1.15145,1.15146,1.15116,1.15116,175.9
31.03.2026 15:57:00.000 UTC,1.15118,1.15159,1.15116,1.15157,267.25
31.03.2026 15:58:00.000 UTC,1.15158,1.15166,1.15146,1.15157,186.97
31.03.2026 15:59:00.000 UTC,1.15155,1.15173,1.15152,1.15173,171.9
31.03.2026 16:00:00.000 UTC,1.15172,1.15173,1.15158,1.15167,283.05
31.03.2026 16:01:00.000 UTC,1.1517,1.15229,1.1517,1.15227,340.2
31.03.2026 16:02:00.000 UTC,1.15226,1.15249,1.15219,1.15228,294.97
31.03.2026 16:03:00.000 UTC,1.15227,1.15254,1.15227,1.15253,275.85
31.03.2026 16:04:00.000 UTC,1.15253,1.15259,1.1524,1.15252,262.8
31.03.2026 16:05:00.000 UTC,1.15252,1.15258,1.15226,1.15229,148.05
31.03.2026 16:06:00.000 UTC,1.15229,1.1523,1.15189,1.15201,253.03
31.03.2026 16:07:00.000 UTC,1.15203,1.15211,1.1519,1.15211,185.35
31.03.2026 16:08:00.000 UTC,1.1521,1.15221,1.15198,1.15199,191.37
31.03.2026 16:09:00.000 UTC,1.15199,1.15205,1.15187,1.15194,189.9
31.03.2026 16:10:00.000 UTC,1.15193,1.15202,1.15184,1.15198,135
31.03.2026 16:11:00.000 UTC,1.15199,1.1521,1.15173,1.15182,189.85
31.03.2026 16:12:00.000 UTC,1.15184,1.15188,1.15167,1.15177,179.55
31.03.2026 16:13:00.000 UTC,1.15177,1.15199,1.15174,1.15199,134.1
31.03.2026 16:14:00.000 UTC,1.15199,1.15211,1.15196,1.15199,132.75
31.03.2026 16:15:00.000 UTC,1.15199,1.15212,1.15187,1.15187,175.67
31.03.2026 16:16:00.000 UTC,1.15188,1.15192,1.15169,1.15173,214.51
31.03.2026 16:17:00.000 UTC,1.15172,1.15181,1.15168,1.15176,151.74
31.03.2026 16:18:00.000 UTC,1.15174,1.15176,1.15166,1.15169,175.05
31.03.2026 16:19:00.000 UTC,1.15169,1.15169,1.15152,1.15157,73.8
31.03.2026 16:20:00.000 UTC,1.15157,1.15163,1.15138,1.15142,145.52
31.03.2026 16:21:00.000 UTC,1.15143,1.15168,1.1514,1.15161,150.47
31.03.2026 16:22:00.000 UTC,1.15161,1.15161,1.1515,1.1515,102.15
31.03.2026 16:23:00.000 UTC,1.1515,1.15183,1.15146,1.15183,127.75
31.03.2026 16:24:00.000 UTC,1.15183,1.15217,1.15182,1.15217,144.9
31.03.2026 16:25:00.000 UTC,1.15218,1.15223,1.15209,1.15221,133.2
31.03.2026 16:26:00.000 UTC,1.15222,1.15224,1.15204,1.15205,123.3
31.03.2026 16:27:00.000 UTC,1.15207,1.1522,1.15207,1.15217,125.55
31.03.2026 16:28:00.000 UTC,1.15218,1.15227,1.1521,1.15226,130.5
31.03.2026 16:29:00.000 UTC,1.15225,1.15228,1.1522,1.15223,148.5
31.03.2026 16:30:00.000 UTC,1.15225,1.15244,1.15223,1.15236,202.5
31.03.2026 16:31:00.000 UTC,1.15241,1.15248,1.15234,1.15246,265.5
31.03.2026 16:32:00.000 UTC,1.15246,1.15269,1.15237,1.15268,166.5
31.03.2026 16:33:00.000 UTC,1.15268,1.15295,1.15268,1.1528,211.15
31.03.2026 16:34:00.000 UTC,1.1528,1.15281,1.15252,1.1527,210.6
31.03.2026 16:35:00.000 UTC,1.1527,1.15277,1.15236,1.1524,167.85
31.03.2026 16:36:00.000 UTC,1.15238,1.15289,1.15235,1.15288,259.91
31.03.2026 16:37:00.000 UTC,1.15287,1.15292,1.15267,1.15276,287
31.03.2026 16:38:00.000 UTC,1.15275,1.15336,1.15275,1.15336,327.96
31.03.2026 16:39:00.000 UTC,1.15334,1.1536,1.15319,1.15359,360.9
31.03.2026 16:40:00.000 UTC,1.15358,1.1554,1.15357,1.15509,832.53
31.03.2026 16:41:00.000 UTC,1.15507,1.15595,1.15503,1.1557,800.34
31.03.2026 16:42:00.000 UTC,1.15569,1.15576,1.15496,1.15556,747.25
31.03.2026 16:43:00.000 UTC,1.15557,1.15584,1.15494,1.15504,719.5
31.03.2026 16:44:00.000 UTC,1.15505,1.1551,1.15447,1.15467,637.08
31.03.2026 16:45:00.000 UTC,1.15467,1.15488,1.1543,1.15431,509.55
31.03.2026 16:46:00.000 UTC,1.15432,1.15432,1.15363,1.15389,495.01
31.03.2026 16:47:00.000 UTC,1.15388,1.15395,1.15358,1.15364,492.62
31.03.2026 16:48:00.000 UTC,1.15363,1.1537,1.15337,1.15343,459.05
31.03.2026 16:49:00.000 UTC,1.15343,1.15387,1.15331,1.15383,439.24
31.03.2026 16:50:00.000 UTC,1.15382,1.15472,1.15373,1.1543,715.11
31.03.2026 16:51:00.000 UTC,1.1543,1.15434,1.15389,1.15413,631.06
31.03.2026 16:52:00.000 UTC,1.15413,1.15414,1.15353,1.15376,685.36
31.03.2026 16:53:00.000 UTC,1.15377,1.15423,1.15373,1.1541,433.13
31.03.2026 16:54:00.000 UTC,1.1541,1.15418,1.15384,1.15387,325.28
31.03.2026 16:55:00.000 UTC,1.15389,1.1539,1.15358,1.15374,523.6
31.03.2026 16:56:00.000 UTC,1.15375,1.1541,1.15368,1.15398,607.05
31.03.2026 16:57:00.000 UTC,1.15398,1.15419,1.15373,1.15401,520.5
31.03.2026 16:58:00.000 UTC,1.15402,1.15425,1.15396,1.15411,492.2
31.03.2026 16:59:00.000 UTC,1.15411,1.15418,1.15395,1.15404,431.43
31.03.2026 17:00:00.000 UTC,1.15403,1.1547,1.15398,1.15453,458.1
31.03.2026 17:01:00.000 UTC,1.15452,1.15495,1.15437,1.15485,324.11
31.03.2026 17:02:00.000 UTC,1.15486,1.15518,1.15472,1.15515,445.05
31.03.2026 17:03:00.000 UTC,1.15515,1.15539,1.15515,1.1553,305.1
31.03.2026 17:04:00.000 UTC,1.1553,1.15537,1.15483,1.15484,463.9
31.03.2026 17:05:00.000 UTC,1.15486,1.15488,1.15441,1.15448,430.6
31.03.2026 17:06:00.000 UTC,1.1545,1.15473,1.15439,1.15466,310.05
31.03.2026 17:07:00.000 UTC,1.15466,1.15513,1.15464,1.15508,254.34
31.03.2026 17:08:00.000 UTC,1.15508,1.15532,1.15504,1.15525,217.8
31.03.2026 17:09:00.000 UTC,1.15524,1.15539,1.15452,1.15465,348.83
31.03.2026 17:10:00.000 UTC,1.15469,1.15471,1.15437,1.15451,621.23
31.03.2026 17:11:00.000 UTC,1.15453,1.15512,1.15443,1.15512,454.43
31.03.2026 17:12:00.000 UTC,1.15508,1.15511,1.15464,1.15473,457.44
31.03.2026 17:13:00.000 UTC,1.15477,1.15508,1.15458,1.15498,420.2
31.03.2026 17:14:00.000 UTC,1.15501,1.15527,1.15499,1.15514,380.43
31.03.2026 17:15:00.000 UTC,1.15516,1.15531,1.15508,1.15526,404.71
31.03.2026 17:16:00.000 UTC,1.15525,1.15534,1.15492,1.15504,297.85
31.03.2026 17:17:00.000 UTC,1.15503,1.15534,1.15501,1.15524,278.1
31.03.2026 17:18:00.000 UTC,1.15523,1.15528,1.15475,1.15482,279.28
31.03.2026 17:19:00.000 UTC,1.15481,1.15515,1.15468,1.15501,302.85
31.03.2026 17:20:00.000 UTC,1.15502,1.15508,1.15482,1.1549,301.83
31.03.2026 17:21:00.000 UTC,1.15493,1.15529,1.15493,1.15525,194.4
31.03.2026 17:22:00.000 UTC,1.15524,1.15536,1.15516,1.15531,229.95
31.03.2026 17:23:00.000 UTC,1.15531,1.15555,1.15531,1.1554,219.6
31.03.2026 17:24:00.000 UTC,1.15541,1.1555,1.15529,1.15547,248.4
31.03.2026 17:25:00.000 UTC,1.15549,1.15555,1.15484,1.15493,257.28
31.03.2026 17:26:00.000 UTC,1.15493,1.15527,1.15493,1.15523,205.58
31.03.2026 17:27:00.000 UTC,1.15522,1.15528,1.15488,1.15488,224.95
31.03.2026 17:28:00.000 UTC,1.15493,1.15504,1.15476,1.15482,254.78
31.03.2026 17:29:00.000 UTC,1.15484,1.1549,1.15471,1.15479,232.74
31.03.2026 17:30:00.000 UTC,1.15481,1.15485,1.15468,1.15473,217.93
31.03.2026 17:31:00.000 UTC,1.15472,1.15495,1.15472,1.15494,148.45
31.03.2026 17:32:00.000 UTC,1.15494,1.15514,1.15469,1.15469,164.63
31.03.2026 17:33:00.000 UTC,1.15469,1.15489,1.15464,1.15487,216.13
31.03.2026 17:34:00.000 UTC,1.15485,1.1553,1.15483,1.15527,242.1
31.03.2026 17:35:00.000 UTC,1.15527,1.15535,1.1552,1.15525,157.95
31.03.2026 17:36:00.000 UTC,1.15523,1.15533,1.15435,1.15453,457.4
31.03.2026 17:37:00.000 UTC,1.15454,1.15493,1.15436,1.15446,582.3
31.03.2026 17:38:00.000 UTC,1.15447,1.15472,1.1544,1.15466,551.4
31.03.2026 17:39:00.000 UTC,1.15469,1.15495,1.15452,1.1549,343.6
31.03.2026 17:40:00.000 UTC,1.15488,1.15524,1.15482,1.15516,316.4
31.03.2026 17:41:00.000 UTC,1.15515,1.15519,1.15499,1.15505,267.25
31.03.2026 17:42:00.000 UTC,1.15505,1.15526,1.15501,1.15513,272.7
31.03.2026 17:43:00.000 UTC,1.15513,1.15526,1.15503,1.15515,209.51
31.03.2026 17:44:00.000 UTC,1.15515,1.15533,1.15495,1.15527,248.57
31.03.2026 17:45:00.000 UTC,1.15527,1.15527,1.15503,1.15527,185.21
31.03.2026 17:46:00.000 UTC,1.15526,1.15538,1.15518,1.15533,150.75
31.03.2026 17:47:00.000 UTC,1.15531,1.15566,1.1553,1.15555,178.2
31.03.2026 17:48:00.000 UTC,1.15557,1.15557,1.15524,1.15528,254.13
31.03.2026 17:49:00.000 UTC,1.15529,1.15534,1.15513,1.15529,168.3
31.03.2026 17:50:00.000 UTC,1.15529,1.15534,1.15518,1.15534,166.5
31.03.2026 17:51:00.000 UTC,1.15531,1.15542,1.15514,1.15518,148.43
31.03.2026 17:52:00.000 UTC,1.15517,1.15529,1.15509,1.15525,166.5
31.03.2026 17:53:00.000 UTC,1.15524,1.15536,1.15519,1.15525,111.15
31.03.2026 17:54:00.000 UTC,1.15525,1.15525,1.155,1.15509,144.4
31.03.2026 17:55:00.000 UTC,1.15509,1.1551,1.15471,1.15474,117
31.03.2026 17:56:00.000 UTC,1.15476,1.15476,1.15439,1.1544,138.06
31.03.2026 17:57:00.000 UTC,1.15439,1.15453,1.1542,1.15436,199.75
31.03.2026 17:58:00.000 UTC,1.15436,1.15436,1.15411,1.15423,289.3
31.03.2026 17:59:00.000 UTC,1.15422,1.15424,1.15388,1.15397,251.95
31.03.2026 18:00:00.000 UTC,1.15397,1.15406,1.15384,1.15384,241.14
31.03.2026 18:01:00.000 UTC,1.15383,1.15429,1.15382,1.1542,236.65
31.03.2026 18:02:00.000 UTC,1.15421,1.15437,1.15417,1.15429,171.38
31.03.2026 18:03:00.000 UTC,1.15427,1.15436,1.15419,1.1542,169.65
31.03.2026 18:04:00.000 UTC,1.15421,1.15428,1.15412,1.15418,326.65
31.03.2026 18:05:00.000 UTC,1.1542,1.15432,1.15416,1.1543,138.6
31.03.2026 18:06:00.000 UTC,1.15431,1.15436,1.1542,1.15425,132.75
31.03.2026 18:07:00.000 UTC,1.15427,1.15459,1.15427,1.15457,185.4
31.03.2026 18:08:00.000 UTC,1.15456,1.15466,1.15453,1.15463,147.33
31.03.2026 18:09:00.000 UTC,1.15463,1.15482,1.15462,1.15465,165.1
31.03.2026 18:10:00.000 UTC,1.15466,1.15477,1.15463,1.15466,104.85
31.03.2026 18:11:00.000 UTC,1.15465,1.15465,1.15437,1.15459,145.75
31.03.2026 18:12:00.000 UTC,1.15461,1.15467,1.15454,1.15465,114.75
31.03.2026 18:13:00.000 UTC,1.15466,1.15479,1.15461,1.15479,187.2
31.03.2026 18:14:00.000 UTC,1.1548,1.15491,1.1548,1.15482,119.7
31.03.2026 18:15:00.000 UTC,1.1548,1.15488,1.15474,1.15484,124.6
31.03.2026 18:16:00.000 UTC,1.15484,1.15494,1.15479,1.15494,85
31.03.2026 18:17:00.000 UTC,1.15492,1.15507,1.15488,1.15493,104.3
31.03.2026 18:18:00.000 UTC,1.15495,1.15497,1.15481,1.15481,64.8
31.03.2026 18:19:00.000 UTC,1.15479,1.15483,1.15474,1.15479,92.7
31.03.2026 18:20:00.000 UTC,1.15481,1.15484,1.15476,1.15483,73.8
31.03.2026 18:21:00.000 UTC,1.15482,1.1549,1.15477,1.15483,93.15
31.03.2026 18:22:00.000 UTC,1.1548,1.15488,1.1547,1.15486,89.95
31.03.2026 18:23:00.000 UTC,1.15485,1.15487,1.15467,1.15469,86.85
31.03.2026 18:24:00.000 UTC,1.1547,1.1547,1.15442,1.15443,101.65
31.03.2026 18:25:00.000 UTC,1.15445,1.1545,1.15423,1.15431,146.65
31.03.2026 18:26:00.000 UTC,1.15434,1.15444,1.15428,1.1544,134.1
31.03.2026 18:27:00.000 UTC,1.15441,1.15467,1.15436,1.15467,147.1
31.03.2026 18:28:00.000 UTC,1.15469,1.15489,1.15465,1.15471,227.7
31.03.2026 18:29:00.000 UTC,1.15473,1.15484,1.15465,1.15473,136.8
31.03.2026 18:30:00.000 UTC,1.15474,1.15482,1.15449,1.15453,197.55
31.03.2026 18:31:00.000 UTC,1.15452,1.15463,1.15439,1.1544,117
31.03.2026 18:32:00.000 UTC,1.15438,1.15441,1.15416,1.15423,102.6
31.03.2026 18:33:00.000 UTC,1.15424,1.15434,1.15415,1.15433,127.3
31.03.2026 18:34:00.000 UTC,1.15432,1.15433,1.15417,1.1542,130.9
31.03.2026 18:35:00.000 UTC,1.15419,1.1545,1.15413,1.15448,213.7
31.03.2026 18:36:00.000 UTC,1.15448,1.15458,1.15436,1.15442,173.5
31.03.2026 18:37:00.000 UTC,1.15441,1.15454,1.15437,1.15452,139.35
31.03.2026 18:38:00.000 UTC,1.15454,1.15465,1.15453,1.15465,93.6
31.03.2026 18:39:00.000 UTC,1.15466,1.15467,1.15436,1.15436,110.56
31.03.2026 18:40:00.000 UTC,1.15437,1.15439,1.15403,1.15409,157.99
31.03.2026 18:41:00.000 UTC,1.15413,1.15429,1.15412,1.15424,116.95
31.03.2026 18:42:00.000 UTC,1.15425,1.15438,1.15425,1.15435,120.6
31.03.2026 18:43:00.000 UTC,1.15434,1.15441,1.15429,1.15435,208.8
31.03.2026 18:44:00.000 UTC,1.15434,1.1544,1.15428,1.1544,286.65
31.03.2026 18:45:00.000 UTC,1.1544,1.15465,1.1544,1.1545,287.95
31.03.2026 18:46:00.000 UTC,1.1545,1.1545,1.15427,1.15427,217.75
31.03.2026 18:47:00.000 UTC,1.15429,1.15433,1.1541,1.15419,84.5
31.03.2026 18:48:00.000 UTC,1.15418,1.15419,1.15392,1.15401,123.75
31.03.2026 18:49:00.000 UTC,1.154,1.15401,1.15382,1.15397,106.15
31.03.2026 18:50:00.000 UTC,1.15397,1.1542,1.15396,1.15408,112.95
31.03.2026 18:51:00.000 UTC,1.15412,1.15434,1.15412,1.15434,127.35
31.03.2026 18:52:00.000 UTC,1.15435,1.15439,1.15423,1.15423,141.25
31.03.2026 18:53:00.000 UTC,1.15423,1.15426,1.15409,1.15421,130.9
31.03.2026 18:54:00.000 UTC,1.15421,1.1544,1.15421,1.15436,116.1
31.03.2026 18:55:00.000 UTC,1.15436,1.15445,1.15429,1.1544,142.15
31.03.2026 18:56:00.000 UTC,1.15438,1.15444,1.15427,1.15442,128.2
31.03.2026 18:57:00.000 UTC,1.15441,1.1548,1.15439,1.15465,156.1
31.03.2026 18:58:00.000 UTC,1.15466,1.1548,1.15455,1.15477,142.2
31.03.2026 18:59:00.000 UTC,1.15476,1.15476,1.15445,1.15446,114.3
31.03.2026 19:00:00.000 UTC,1.15444,1.15464,1.15437,1.15453,205.44
31.03.2026 19:01:00.000 UTC,1.15453,1.15463,1.15449,1.15458,187.58
31.03.2026 19:02:00.000 UTC,1.15456,1.15456,1.15427,1.15428,218.55
31.03.2026 19:03:00.000 UTC,1.15428,1.15449,1.15423,1.1544,141.58
31.03.2026 19:04:00.000 UTC,1.1544,1.15443,1.15429,1.15438,129.06
31.03.2026 19:05:00.000 UTC,1.15438,1.15438,1.15408,1.15409,154.4
31.03.2026 19:06:00.000 UTC,1.15408,1.15411,1.15391,1.1541,98.05
31.03.2026 19:07:00.000 UTC,1.15409,1.15415,1.15407,1.15415,111.83
31.03.2026 19:08:00.000 UTC,1.15414,1.15421,1.15386,1.15393,110.08
31.03.2026 19:09:00.000 UTC,1.15395,1.154,1.15389,1.1539,64.28
31.03.2026 19:10:00.000 UTC,1.15388,1.1542,1.15388,1.15411,103.59
31.03.2026 19:11:00.000 UTC,1.1541,1.15415,1.15403,1.15415,71.44
31.03.2026 19:12:00.000 UTC,1.15416,1.15418,1.15405,1.15414,93.41
31.03.2026 19:13:00.000 UTC,1.15415,1.15415,1.15402,1.15412,56.25
31.03.2026 19:14:00.000 UTC,1.15414,1.15429,1.15412,1.15429,63.85
31.03.2026 19:15:00.000 UTC,1.1543,1.15438,1.15427,1.15435,54.45
31.03.2026 19:16:00.000 UTC,1.15435,1.15443,1.15423,1.15427,71.03
31.03.2026 19:17:00.000 UTC,1.15424,1.1543,1.15418,1.1542,62.81
31.03.2026 19:18:00.000 UTC,1.15418,1.15432,1.15413,1.15429,65.25
31.03.2026 19:19:00.000 UTC,1.15429,1.15438,1.15423,1.15423,90.69
31.03.2026 19:20:00.000 UTC,1.15425,1.1544,1.15424,1.15437,76.05
31.03.2026 19:21:00.000 UTC,1.15439,1.1545,1.15435,1.15436,45.09
31.03.2026 19:22:00.000 UTC,1.15437,1.15442,1.15428,1.15442,65.87
31.03.2026 19:23:00.000 UTC,1.1544,1.15449,1.15433,1.15433,56.11
31.03.2026 19:24:00.000 UTC,1.15433,1.15435,1.15419,1.15419,71.93
31.03.2026 19:25:00.000 UTC,1.15421,1.15428,1.1542,1.15423,33.7
31.03.2026 19:26:00.000 UTC,1.15423,1.15426,1.15413,1.15416,51.63
31.03.2026 19:27:00.000 UTC,1.15418,1.15428,1.15418,1.15419,74.63
31.03.2026 19:28:00.000 UTC,1.15417,1.15426,1.15417,1.15423,43.51
31.03.2026 19:29:00.000 UTC,1.15421,1.15433,1.1542,1.15428,64.73
31.03.2026 19:30:00.000 UTC,1.1543,1.1545,1.15429,1.1545,51.75
31.03.2026 19:31:00.000 UTC,1.1545,1.1546,1.15446,1.1546,43.65
31.03.2026 19:32:00.000 UTC,1.1546,1.15469,1.15453,1.15464,29.25
31.03.2026 19:33:00.000 UTC,1.15464,1.15484,1.15464,1.15483,63.38
31.03.2026 19:34:00.000 UTC,1.15481,1.15481,1.15469,1.15478,69.25
31.03.2026 19:35:00.000 UTC,1.15477,1.15492,1.15477,1.15492,60.75
31.03.2026 19:36:00.000 UTC,1.15492,1.15511,1.15492,1.15509,81
31.03.2026 19:37:00.000 UTC,1.1551,1.15527,1.1551,1.15526,67.95
31.03.2026 19:38:00.000 UTC,1.15526,1.15539,1.15525,1.15538,47.7
31.03.2026 19:39:00.000 UTC,1.15539,1.15549,1.15534,1.15544,72
31.03.2026 19:40:00.000 UTC,1.15542,1.15546,1.15539,1.15539,46.8
31.03.2026 19:41:00.000 UTC,1.15538,1.15543,1.15529,1.15529,71.55
31.03.2026 19:42:00.000 UTC,1.15528,1.15538,1.15503,1.15519,129.15
31.03.2026 19:43:00.000 UTC,1.1552,1.15527,1.15505,1.15508,160.53
31.03.2026 19:44:00.000 UTC,1.15511,1.15517,1.15504,1.15513,70.13
31.03.2026 19:45:00.000 UTC,1.15512,1.15535,1.15509,1.15532,103.5
31.03.2026 19:46:00.000 UTC,1.15532,1.15535,1.15526,1.15534,72
31.03.2026 19:47:00.000 UTC,1.15533,1.15546,1.1553,1.15545,61.2
31.03.2026 19:48:00.000 UTC,1.15545,1.15556,1.15545,1.15555,92.7
31.03.2026 19:49:00.000 UTC,1.15556,1.15564,1.15555,1.15557,89.1
31.03.2026 19:50:00.000 UTC,1.15558,1.15575,1.15556,1.15564,108
31.03.2026 19:51:00.000 UTC,1.15563,1.15565,1.15549,1.15553,127.73
31.03.2026 19:52:00.000 UTC,1.15557,1.1557,1.15553,1.15558,104.69
31.03.2026 19:53:00.000 UTC,1.15556,1.15581,1.15556,1.15574,102.17
31.03.2026 19:54:00.000 UTC,1.15576,1.15586,1.15572,1.15585,70.92
31.03.2026 19:55:00.000 UTC,1.15583,1.15587,1.15578,1.1558,93.6
31.03.2026 19:56:00.000 UTC,1.15578,1.15582,1.15573,1.15576,97.11
31.03.2026 19:57:00.000 UTC,1.15578,1.15583,1.15571,1.15582,112.5
31.03.2026 19:58:00.000 UTC,1.15581,1.15597,1.15578,1.15588,96.3
31.03.2026 19:59:00.000 UTC,1.15588,1.15594,1.15579,1.1559,132.05
31.03.2026 20:00:00.000 UTC,1.1559,1.15598,1.15588,1.15598,163.8
31.03.2026 20:01:00.000 UTC,1.15597,1.15603,1.15593,1.15595,193.5
31.03.2026 20:02:00.000 UTC,1.15598,1.15625,1.15596,1.15625,277.2
31.03.2026 20:03:00.000 UTC,1.15624,1.15624,1.15611,1.15612,132.16
31.03.2026 20:04:00.000 UTC,1.15614,1.15615,1.1561,1.15615,46.35
31.03.2026 20:05:00.000 UTC,1.15612,1.15634,1.1561,1.15628,73.8
31.03.2026 20:06:00.000 UTC,1.15627,1.15627,1.15617,1.15618,75.15
31.03.2026 20:07:00.000 UTC,1.15619,1.15629,1.15615,1.15628,54.45
31.03.2026 20:08:00.000 UTC,1.15629,1.15629,1.15618,1.15619,49.88
31.03.2026 20:09:00.000 UTC,1.15618,1.15619,1.15606,1.15613,57.98
31.03.2026 20:10:00.000 UTC,1.15612,1.15612,1.15587,1.15598,58.08
31.03.2026 20:11:00.000 UTC,1.15597,1.15603,1.15597,1.156,52.16
31.03.2026 20:12:00.000 UTC,1.15599,1.15599,1.1558,1.15581,45.21
31.03.2026 20:13:00.000 UTC,1.1558,1.15586,1.15574,1.15579,34.13
31.03.2026 20:14:00.000 UTC,1.1558,1.15585,1.1558,1.15585,13.5
31.03.2026 20:15:00.000 UTC,1.15583,1.15592,1.15583,1.15592,35.55
31.03.2026 20:16:00.000 UTC,1.15592,1.15592,1.1558,1.15583,43.2
31.03.2026 20:17:00.000 UTC,1.15582,1.15586,1.15581,1.15584,13.5
31.03.2026 20:18:00.000 UTC,1.15587,1.15588,1.15585,1.15587,18.83
31.03.2026 20:19:00.000 UTC,1.15588,1.15591,1.15575,1.15575,21.6
31.03.2026 20:20:00.000 UTC,1.15578,1.15591,1.15577,1.15589,123.3
31.03.2026 20:21:00.000 UTC,1.15588,1.15595,1.15586,1.15589,63.45
31.03.2026 20:22:00.000 UTC,1.15588,1.1559,1.15586,1.15587,117
31.03.2026 20:23:00.000 UTC,1.15587,1.1559,1.15582,1.15588,198
31.03.2026 20:24:00.000 UTC,1.15588,1.15591,1.15586,1.15591,88.2
31.03.2026 20:25:00.000 UTC,1.15591,1.15591,1.15584,1.15586,147.15
31.03.2026 20:26:00.000 UTC,1.15584,1.15584,1.15566,1.15569,52.08
31.03.2026 20:27:00.000 UTC,1.15567,1.15573,1.15566,1.15573,21.07
31.03.2026 20:28:00.000 UTC,1.15575,1.15579,1.15573,1.15579,30.6
31.03.2026 20:29:00.000 UTC,1.15579,1.1558,1.15568,1.1557,27
31.03.2026 20:30:00.000 UTC,1.1557,1.15576,1.15564,1.15571,68.4
31.03.2026 20:31:00.000 UTC,1.15571,1.1558,1.15567,1.15572,115.71
31.03.2026 20:32:00.000 UTC,1.15578,1.15578,1.15565,1.15566,71.44
31.03.2026 20:33:00.000 UTC,1.15567,1.15568,1.15536,1.15544,171.34
31.03.2026 20:34:00.000 UTC,1.15544,1.15561,1.15544,1.15557,32.4
31.03.2026 20:35:00.000 UTC,1.15558,1.15565,1.15555,1.15563,29.25
31.03.2026 20:36:00.000 UTC,1.15564,1.15568,1.15561,1.15567,22.95
31.03.2026 20:37:00.000 UTC,1.15569,1.15569,1.15557,1.15563,30.01
31.03.2026 20:38:00.000 UTC,1.15563,1.15564,1.15559,1.15559,9.45
31.03.2026 20:39:00.000 UTC,1.15558,1.15558,1.15549,1.1555,35.55
31.03.2026 20:40:00.000 UTC,1.15548,1.15552,1.15547,1.1555,38.25
31.03.2026 20:41:00.000 UTC,1.15551,1.15555,1.1555,1.15553,13.95
31.03.2026 20:42:00.000 UTC,1.15551,1.15554,1.15549,1.15549,14.4
31.03.2026 20:43:00.000 UTC,1.15548,1.15551,1.15545,1.1555,19.26
31.03.2026 20:44:00.000 UTC,1.1555,1.1555,1.1555,1.1555,5.4
31.03.2026 20:45:00.000 UTC,1.15549,1.1555,1.15532,1.15532,28.28
31.03.2026 20:46:00.000 UTC,1.15537,1.15538,1.15532,1.15532,20.7
31.03.2026 20:47:00.000 UTC,1.15532,1.15536,1.15527,1.15536,34.2
31.03.2026 20:48:00.000 UTC,1.15537,1.15537,1.15536,1.15536,3.6
31.03.2026 20:49:00.000 UTC,1.15535,1.15535,1.15529,1.15534,26.55
31.03.2026 20:50:00.000 UTC,1.15535,1.15538,1.15533,1.15536,27.45
31.03.2026 20:51:00.000 UTC,1.15536,1.15542,1.15534,1.15541,18.9
31.03.2026 20:52:00.000 UTC,1.15541,1.15544,1.15538,1.15543,17.55
31.03.2026 20:53:00.000 UTC,1.15544,1.15544,1.15528,1.15528,24.61
31.03.2026 20:54:00.000 UTC,1.15532,1.15542,1.1553,1.15534,33.75
31.03.2026 20:55:00.000 UTC,1.15535,1.15541,1.1553,1.15539,38.25
31.03.2026 20:56:00.000 UTC,1.15539,1.15541,1.15527,1.15528,43.13
31.03.2026 20:57:00.000 UTC,1.15528,1.15535,1.15522,1.15526,86.46
31.03.2026 20:58:00.000 UTC,1.15526,1.15528,1.15521,1.15527,214.73
31.03.2026 20:59:00.000 UTC,1.15527,1.15531,1.15513,1.15526,255.96
31.03.2026 21:00:00.000 UTC,1.15518,1.15519,1.15493,1.15517,26.52
31.03.2026 21:03:00.000 UTC,1.15495,1.15498,1.15495,1.15498,6.8
31.03.2026 21:04:00.000 UTC,1.15498,1.15505,1.15498,1.15505,17.54
31.03.2026 21:05:00.000 UTC,1.15507,1.1552,1.15507,1.15507,11.35
31.03.2026 21:06:00.000 UTC,1.15521,1.15548,1.15521,1.15545,25.95
31.03.2026 21:07:00.000 UTC,1.15546,1.15546,1.15528,1.15531,19.03
31.03.2026 21:08:00.000 UTC,1.15529,1.15535,1.15529,1.15531,13.84
31.03.2026 21:09:00.000 UTC,1.15532,1.15545,1.15532,1.15545,5.19
31.03.2026 21:10:00.000 UTC,1.15546,1.15546,1.15531,1.15532,10.38
31.03.2026 21:11:00.000 UTC,1.15526,1.15526,1.15526,1.15526,5.4
31.03.2026 21:12:00.000 UTC,1.15529,1.15544,1.15526,1.15543,19.24
31.03.2026 21:14:00.000 UTC,1.15543,1.15543,1.15543,1.15543,0.9
31.03.2026 21:15:00.000 UTC,1.15541,1.15542,1.15541,1.15542,1.8
31.03.2026 21:16:00.000 UTC,1.15544,1.15545,1.15544,1.15544,9
31.03.2026 21:18:00.000 UTC,1.15544,1.15544,1.15544,1.15544,0.9
31.03.2026 21:19:00.000 UTC,1.15545,1.15545,1.15545,1.15545,1.8
31.03.2026 21:20:00.000 UTC,1.15544,1.15544,1.15544,1.15544,0.9
31.03.2026 21:21:00.000 UTC,1.15544,1.15544,1.15544,1.15544,0.9
31.03.2026 21:22:00.000 UTC,1.15544,1.15544,1.15542,1.15542,1.8
31.03.2026 21:23:00.000 UTC,1.15544,1.15545,1.15543,1.15543,3.53
31.03.2026 21:24:00.000 UTC,1.15544,1.15544,1.15544,1.15544,1.8
31.03.2026 21:25:00.000 UTC,1.15543,1.15543,1.15542,1.15543,2.7
31.03.2026 21:26:00.000 UTC,1.15543,1.15546,1.15523,1.15523,14.12
31.03.2026 21:27:00.000 UTC,1.15524,1.15531,1.15523,1.15524,7.78
31.03.2026 21:28:00.000 UTC,1.15533,1.15533,1.15518,1.15518,14.99
31.03.2026 21:29:00.000 UTC,1.15528,1.15528,1.1551,1.15518,18.05
31.03.2026 21:30:00.000 UTC,1.15519,1.15529,1.15518,1.15523,34.34
31.03.2026 21:31:00.000 UTC,1.15532,1.15533,1.15518,1.15518,19.96
31.03.2026 21:32:00.000 UTC,1.15519,1.15528,1.15519,1.15523,11.38
31.03.2026 21:33:00.000 UTC,1.15528,1.15533,1.15525,1.1553,23.53
31.03.2026 21:34:00.000 UTC,1.15527,1.15535,1.15527,1.15528,12.18
31.03.2026 21:35:00.000 UTC,1.15534,1.15534,1.15523,1.15529,9.62
31.03.2026 21:36:00.000 UTC,1.1554,1.15542,1.15528,1.15529,22.84
31.03.2026 21:37:00.000 UTC,1.15539,1.1554,1.15526,1.15526,22.77
31.03.2026 21:38:00.000 UTC,1.15523,1.1553,1.15518,1.15522,105.62
31.03.2026 21:39:00.000 UTC,1.15522,1.1553,1.15521,1.15525,32.63
31.03.2026 21:40:00.000 UTC,1.15522,1.15526,1.1552,1.15524,44.64
31.03.2026 21:41:00.000 UTC,1.15525,1.15526,1.15523,1.15526,11.64
31.03.2026 21:42:00.000 UTC,1.15526,1.15528,1.15522,1.15525,27.68
31.03.2026 21:43:00.000 UTC,1.15526,1.15529,1.15526,1.15528,24.22
31.03.2026 21:44:00.000 UTC,1.15525,1.15537,1.15525,1.15528,238.58
31.03.2026 21:45:00.000 UTC,1.15528,1.15528,1.15528,1.15528,3.48
31.03.2026 21:46:00.000 UTC,1.15528,1.15529,1.15524,1.15528,14.94
31.03.2026 21:47:00.000 UTC,1.15529,1.15529,1.15522,1.15528,116.46
31.03.2026 21:48:00.000 UTC,1.15528,1.15529,1.15525,1.15525,97.68
31.03.2026 21:49:00.000 UTC,1.15526,1.15529,1.15524,1.15526,197.52
31.03.2026 21:50:00.000 UTC,1.15525,1.1553,1.15524,1.15527,63.54
31.03.2026 21:51:00.000 UTC,1.15527,1.15531,1.15524,1.15529,83.46
31.03.2026 21:52:00.000 UTC,1.15524,1.15531,1.15524,1.1553,67.92
31.03.2026 21:53:00.000 UTC,1.15528,1.15531,1.15528,1.15528,34.8
31.03.2026 21:54:00.000 UTC,1.15529,1.15537,1.15528,1.15534,55.02
31.03.2026 21:55:00.000 UTC,1.15533,1.15546,1.15532,1.15537,82.8
31.03.2026 21:56:00.000 UTC,1.15538,1.15548,1.15531,1.15535,142.26
31.03.2026 21:57:00.000 UTC,1.15532,1.15539,1.15524,1.15526,87.42
31.03.2026 21:58:00.000 UTC,1.15529,1.15541,1.15529,1.15538,36
31.03.2026 21:59:00.000 UTC,1.15537,1.15541,1.15535,1.15535,11.7
31.03.2026 22:00:00.000 UTC,1.15534,1.15595,1.15531,1.15593,150.52
31.03.2026 22:01:00.000 UTC,1.15589,1.15591,1.1558,1.15588,65.79
31.03.2026 22:02:00.000 UTC,1.15592,1.15592,1.15584,1.15587,24.57
31.03.2026 22:03:00.000 UTC,1.15587,1.15587,1.15574,1.15578,42.45
31.03.2026 22:04:00.000 UTC,1.15578,1.15578,1.15558,1.15558,47.07
31.03.2026 22:05:00.000 UTC,1.15558,1.15568,1.15553,1.15568,35.49
31.03.2026 22:06:00.000 UTC,1.15567,1.15568,1.15563,1.15563,12.54
31.03.2026 22:07:00.000 UTC,1.15563,1.15563,1.15525,1.15538,49.83
31.03.2026 22:08:00.000 UTC,1.15539,1.15539,1.15522,1.15537,23.4
31.03.2026 22:09:00.000 UTC,1.15538,1.15538,1.15527,1.15531,22.95
31.03.2026 22:10:00.000 UTC,1.1553,1.15538,1.15528,1.15531,27.9
31.03.2026 22:11:00.000 UTC,1.15531,1.15541,1.15531,1.1554,22.5
31.03.2026 22:12:00.000 UTC,1.1554,1.15543,1.1554,1.15542,5.4
31.03.2026 22:13:00.000 UTC,1.15545,1.15547,1.15535,1.15535,23.85
31.03.2026 22:14:00.000 UTC,1.15538,1.15547,1.15536,1.15547,8.55
31.03.2026 22:15:00.000 UTC,1.15548,1.15556,1.15548,1.15555,8.1
31.03.2026 22:16:00.000 UTC,1.15555,1.15566,1.15551,1.15565,12.6
31.03.2026 22:17:00.000 UTC,1.15562,1.15562,1.1555,1.1555,17.1
31.03.2026 22:18:00.000 UTC,1.15554,1.15557,1.15554,1.15556,8.1
31.03.2026 22:19:00.000 UTC,1.15555,1.15555,1.15554,1.15555,3.6
31.03.2026 22:20:00.000 UTC,1.15555,1.15555,1.1555,1.1555,4.5
31.03.2026 22:21:00.000 UTC,1.15554,1.15558,1.15536,1.15542,38.7
31.03.2026 22:22:00.000 UTC,1.15542,1.15551,1.15542,1.15546,26.1
31.03.2026 22:23:00.000 UTC,1.15545,1.15545,1.15532,1.15532,20.25
31.03.2026 22:24:00.000 UTC,1.15533,1.15537,1.15533,1.15536,10.8
31.03.2026 22:25:00.000 UTC,1.15537,1.15541,1.15532,1.15535,29.97
31.03.2026 22:26:00.000 UTC,1.15536,1.15544,1.15536,1.15544,12.15
31.03.2026 22:27:00.000 UTC,1.15548,1.15548,1.15545,1.15545,6.3
31.03.2026 22:28:00.000 UTC,1.15544,1.15545,1.15544,1.15545,2.7
31.03.2026 22:29:00.000 UTC,1.1555,1.15555,1.1555,1.15551,13.81
31.03.2026 22:30:00.000 UTC,1.15551,1.15568,1.15545,1.15559,50.4
31.03.2026 22:31:00.000 UTC,1.15562,1.15567,1.15562,1.15566,15.3
31.03.2026 22:32:00.000 UTC,1.15564,1.15564,1.15554,1.15559,24.75
31.03.2026 22:33:00.000 UTC,1.15557,1.15559,1.15555,1.15556,18.9
31.03.2026 22:34:00.000 UTC,1.15555,1.15556,1.15548,1.15552,28.23
31.03.2026 22:35:00.000 UTC,1.15551,1.15551,1.15549,1.15549,6.3
31.03.2026 22:36:00.000 UTC,1.15551,1.15551,1.15544,1.15548,15.39
31.03.2026 22:37:00.000 UTC,1.15549,1.15564,1.15549,1.15561,78.9
31.03.2026 22:38:00.000 UTC,1.15563,1.15579,1.15563,1.15579,32.85
31.03.2026 22:39:00.000 UTC,1.15576,1.15579,1.15575,1.15579,27.66
31.03.2026 22:40:00.000 UTC,1.15579,1.15579,1.15577,1.15579,18
31.03.2026 22:41:00.000 UTC,1.15579,1.15579,1.15567,1.1557,43.41
31.03.2026 22:42:00.000 UTC,1.15572,1.15575,1.1557,1.15574,26.88
31.03.2026 22:43:00.000 UTC,1.15573,1.15574,1.15569,1.15572,24.75
31.03.2026 22:44:00.000 UTC,1.15572,1.15575,1.15568,1.15568,20.13
31.03.2026 22:45:00.000 UTC,1.15568,1.15568,1.15558,1.15559,19.23
31.03.2026 22:46:00.000 UTC,1.1556,1.15563,1.15559,1.15562,43.5
31.03.2026 22:47:00.000 UTC,1.15562,1.15569,1.15562,1.15567,31.83
31.03.2026 22:48:00.000 UTC,1.15569,1.15574,1.15567,1.15574,88.68
31.03.2026 22:49:00.000 UTC,1.15574,1.15584,1.15572,1.15582,99
31.03.2026 22:50:00.000 UTC,1.15579,1.15581,1.15579,1.1558,14.34
31.03.2026 22:51:00.000 UTC,1.15581,1.15581,1.15581,1.15581,0.9
31.03.2026 22:53:00.000 UTC,1.15579,1.15579,1.15574,1.15576,14.4
31.03.2026 22:54:00.000 UTC,1.15577,1.1558,1.15576,1.15579,10.8
31.03.2026 22:55:00.000 UTC,1.1558,1.1558,1.15576,1.15579,9.39
31.03.2026 22:56:00.000 UTC,1.15579,1.15586,1.15579,1.15584,12.6
31.03.2026 22:57:00.000 UTC,1.15584,1.15591,1.15584,1.1559,15.3
31.03.2026 22:58:00.000 UTC,1.1559,1.1559,1.15582,1.15583,15.3
31.03.2026 22:59:00.000 UTC,1.15584,1.15586,1.15581,1.15584,29.46
31.03.2026 23:00:00.000 UTC,1.15586,1.15586,1.15582,1.15586,27
31.03.2026 23:01:00.000 UTC,1.15583,1.15588,1.15576,1.15582,90.84
31.03.2026 23:02:00.000 UTC,1.15583,1.15586,1.15581,1.15586,65.07
31.03.2026 23:03:00.000 UTC,1.15586,1.15586,1.15569,1.15569,35.1
31.03.2026 23:04:00.000 UTC,1.15569,1.15574,1.15568,1.15574,13.5
31.03.2026 23:05:00.000 UTC,1.15574,1.15576,1.1557,1.15574,69.24
31.03.2026 23:06:00.000 UTC,1.15574,1.15587,1.15573,1.15587,54.84
31.03.2026 23:07:00.000 UTC,1.15587,1.15597,1.15587,1.15597,13.95
31.03.2026 23:08:00.000 UTC,1.15596,1.15598,1.15596,1.15596,15.24
31.03.2026 23:09:00.000 UTC,1.15596,1.15597,1.15596,1.15596,4.5
31.03.2026 23:10:00.000 UTC,1.156,1.15607,1.156,1.15602,29.7
31.03.2026 23:11:00.000 UTC,1.15599,1.15599,1.15584,1.15584,19.8
31.03.2026 23:12:00.000 UTC,1.15585,1.15592,1.15585,1.15591,23.4
31.03.2026 23:13:00.000 UTC,1.15591,1.15604,1.1559,1.15604,22.05
31.03.2026 23:14:00.000 UTC,1.15604,1.15606,1.15604,1.15605,12.6
31.03.2026 23:15:00.000 UTC,1.15605,1.15614,1.15603,1.15612,20.7
31.03.2026 23:16:00.000 UTC,1.15613,1.15628,1.15612,1.15628,27
31.03.2026 23:17:00.000 UTC,1.15626,1.15631,1.15622,1.15626,31.5
31.03.2026 23:18:00.000 UTC,1.15631,1.15634,1.15623,1.15623,32.4
31.03.2026 23:19:00.000 UTC,1.15623,1.1563,1.15622,1.15628,20.7
31.03.2026 23:20:00.000 UTC,1.15628,1.15629,1.15625,1.15625,26.1
31.03.2026 23:21:00.000 UTC,1.15626,1.15632,1.15626,1.15631,27.9
31.03.2026 23:22:00.000 UTC,1.1563,1.15636,1.15629,1.15629,33.75
31.03.2026 23:23:00.000 UTC,1.15629,1.15634,1.15627,1.15634,11.25
31.03.2026 23:24:00.000 UTC,1.15632,1.15646,1.15632,1.15644,35.1
31.03.2026 23:25:00.000 UTC,1.15645,1.15672,1.15645,1.15671,42.75
31.03.2026 23:26:00.000 UTC,1.15669,1.15672,1.15667,1.15672,13.95
31.03.2026 23:27:00.000 UTC,1.15671,1.15676,1.15666,1.15667,31.5
31.03.2026 23:28:00.000 UTC,1.15668,1.15671,1.15665,1.15666,25.2
31.03.2026 23:29:00.000 UTC,1.15666,1.15667,1.1566,1.15663,14.85
31.03.2026 23:30:00.000 UTC,1.15663,1.15663,1.15654,1.15659,45.87
31.03.2026 23:31:00.000 UTC,1.1566,1.15662,1.15653,1.15653,35.1
31.03.2026 23:32:00.000 UTC,1.15653,1.15656,1.15647,1.15651,47.7
31.03.2026 23:33:00.000 UTC,1.1565,1.15659,1.1565,1.15659,26.1
31.03.2026 23:34:00.000 UTC,1.1566,1.15668,1.15656,1.15666,28.8
31.03.2026 23:35:00.000 UTC,1.15664,1.15664,1.15652,1.15656,37.75
31.03.2026 23:36:00.000 UTC,1.15654,1.15664,1.15652,1.15662,47.7
31.03.2026 23:37:00.000 UTC,1.15662,1.15662,1.15651,1.15651,21.6
31.03.2026 23:38:00.000 UTC,1.15654,1.15659,1.15654,1.15656,34.2
31.03.2026 23:39:00.000 UTC,1.15661,1.15667,1.1566,1.15664,27.9
31.03.2026 23:40:00.000 UTC,1.15664,1.15665,1.15657,1.15657,14.4
31.03.2026 23:41:00.000 UTC,1.15656,1.1566,1.15656,1.15659,10.8
31.03.2026 23:42:00.000 UTC,1.15658,1.15658,1.1565,1.1565,13.5
31.03.2026 23:43:00.000 UTC,1.15654,1.1566,1.15654,1.1566,20.7
31.03.2026 23:44:00.000 UTC,1.1566,1.1566,1.15656,1.15657,25.65
31.03.2026 23:45:00.000 UTC,1.15658,1.15658,1.1565,1.15654,32.8
31.03.2026 23:46:00.000 UTC,1.15656,1.15667,1.15654,1.15664,22.5
31.03.2026 23:47:00.000 UTC,1.15666,1.15672,1.15664,1.15667,30.42
31.03.2026 23:48:00.000 UTC,1.15666,1.1567,1.15664,1.15666,25.5
31.03.2026 23:49:00.000 UTC,1.15666,1.15678,1.15664,1.15677,38.7
31.03.2026 23:50:00.000 UTC,1.15681,1.15697,1.15681,1.15693,77.34
31.03.2026 23:51:00.000 UTC,1.15697,1.15701,1.1569,1.1569,94.44
31.03.2026 23:52:00.000 UTC,1.15691,1.15702,1.1569,1.15695,52.2
31.03.2026 23:53:00.000 UTC,1.15693,1.15705,1.15691,1.15698,123.25
31.03.2026 23:54:00.000 UTC,1.15698,1.15703,1.15693,1.15702,36.9
31.03.2026 23:55:00.000 UTC,1.15703,1.15727,1.15703,1.15723,84.54
31.03.2026 23:56:00.000 UTC,1.15723,1.15729,1.15721,1.15727,42.3
31.03.2026 23:57:00.000 UTC,1.15726,1.15736,1.15721,1.15734,76.23
31.03.2026 23:58:00.000 UTC,1.15734,1.15744,1.15733,1.15739,72.9
31.03.2026 23:59:00.000 UTC,1.15737,1.15743,1.15735,1.15736,59.85